insert into listaAnime values(1, 'publica', 'classico');
insert into listaAnime values(2, 'publica', 'moderno');
insert into listaAnime values(3, 'privada', 'moderno');
insert into listaAnime values(4, 'publica', 'moderno');
insert into listaAnime values(5, 'privada', 'classico');

insert into listaAnime values(6, 'publica', 'classico');
insert into listaAnime values(7, 'publica', 'moderno');
insert into listaAnime values(8, 'privada', 'moderno');
insert into listaAnime values(9, 'publica', 'moderno');
insert into listaAnime values(10, 'privada', 'classico');

insert into listaAnime values(11, 'publica', 'classico');
insert into listaAnime values(12, 'publica', 'moderno');
insert into listaAnime values(13, 'privada', 'moderno');
insert into listaAnime values(14, 'publica', 'moderno');
insert into listaAnime values(15, 'privada', 'classico');

insert into listaManga values(1, 'publica', 'classico');
insert into listaManga values(2, 'publica', 'moderno');
insert into listaManga values(3, 'privada', 'moderno');
insert into listaManga values(4, 'publica', 'moderno');
insert into listaManga values(5, 'privada', 'classico');

insert into listaManga values(6, 'publica', 'classico');
insert into listaManga values(7, 'publica', 'moderno');
insert into listaManga values(8, 'privada', 'moderno');
insert into listaManga values(9, 'publica', 'moderno');
insert into listaManga values(10, 'privada', 'classico');

insert into listaManga values(11, 'publica', 'classico');
insert into listaManga values(12, 'publica', 'moderno');
insert into listaManga values(13, 'privada', 'moderno');
insert into listaManga values(14, 'publica', 'moderno');
insert into listaManga values(15, 'privada', 'classico');

insert into usuario values('fmarocks', 'edelric@gmail.com', 'senharuim123', '08/08/1996', '21/03/2014', 'masculino', 'alemanha', 1, 1);
insert into usuario values('junjitostan', 'uzumakimarcos@gmail.com', 'dinoss4uro', '15/07/1993', '07/07/2017', 'masculino', 'japao', 2, 2);
insert into usuario values('narutouchiha', 'sasunaru14@gmail.com', 'kakashisenpaipleaseloveme', '31/03/2001', '16/05/2015', 'masculino', 'brasil', 3, 3);
insert into usuario values('akemilaura', 'lausilva03@gmail.com', 'kittykat13', '25/04/1998', '29/03/2014', 'feminino', 'brasil', 4, 4);
insert into usuario values('gustavole11', 'gus.le@gmail.com', 'whatif643', '18/02/2000', '23/10/2019', 'masculino', 'alemanha', 5, 5);
insert into usuario values('arsonal', 'arsy@gmail.com', 'theresnogod453', '24/04/1985', '05/05/2013', 'masculino', 'japao', 6, 6);
insert into usuario values('imperfectblue', 'cc14sic@gmail.com', 'c144n1', '02/06/1992', '23/10/2014', 'feminino', 'alemanha', 7, 7);
insert into usuario values('kineta', 'clausstor@outlook.com', 'dummypass2', '19/06/1988', '28/11/2016', 'masculino', 'alemanha', 8, 8);
insert into usuario values('naruleach', 'narumi21@gmail.com', 'maybebb7', '20/02/1995', '04/12/2018', 'feminino', 'japao', 9, 9);
insert into usuario values('snow', 'notjon@gmail.com', 't34mst4rk', '12/12/1992', '15/06/2015', 'feminino', 'canada', 10, 10);
insert into usuario values('nexu', 'neruneru5@gmail.com', 'whatever123','13/01/1994', '15/08/2013', 'feminino', 'canada', 11, 11);
insert into usuario values('brandon', 'notjon2@gmail.com', 't34mst4rk', '27/12/1998', '04/06/2014', 'masculino', 'franca', 12, 12);
insert into usuario values('barnald', 'bar_tho@gmail.com', 'animesarec00l', '01/01/1991', '13/09/2014', 'feminino', 'uruguai', 13, 13);
insert into usuario values('tenma', 'temmyjones@gmail.com', 'amotemaki', '19/10/1996', '19/10/2015', 'feminino', 'china', 14, 14);
insert into usuario values('tensho', 'teccguy15@gmail.com', 't34mst4rk', '11/05/2003', '21/06/2013', 'masculino', 'estados unidos', 15, 15);

insert into moderador values('arsonal');
insert into moderador values('imperfectblue');
insert into moderador values('kineta');
insert into moderador values('naruleach');
insert into moderador values('snow');

insert into moderador values('nexu');
insert into moderador values('brandon');
insert into moderador values('barnald');
insert into moderador values('tenma');
insert into moderador values('tensho');

insert into amizade values('tensho', 'tenma');
insert into amizade values('tensho', 'narutouchiha');
insert into amizade values('narutouchiha', 'arsonal');
insert into amizade values('junjitostan', 'fmarocks');
insert into amizade values('junjitostan', 'nexu');
insert into amizade values('gustavole11', 'akemilaura');

insert into clube values('otakus kpoppers', 'music', 'privado', '03/01/2015', 45);
insert into clube values('secret soul society', 'anime', 'secret', '14/07/2014', 244);
insert into clube values('bnha memes', 'anime', 'publico', '21/08/2017', 5345);
insert into clube values('clamp stans', 'companies', 'privado', '09/06/2011', 111);
insert into clube values('g4m3r b01s', 'games', 'publico', '15/03/2016', 3467);

insert into topico values('bts as bnha characters', 'snow', 'otakus kpoppers');
insert into topico values('jimin looks like that guy from fairy tail', 'snow', 'otakus kpoppers');
insert into topico values('what are your favorite clamp mangas?', 'junjitostan', 'clamp stans');
insert into topico values('new games', 'narutouchiha', 'g4m3r b01s');
insert into topico values('10 reasons why ichigo and rukia shoulnd be together', 'akemilaura', 'secret soul society');

insert into resposta values('akemilaura', 'bts as bnha characters');
insert into resposta values('gustavole11', 'new games');
insert into resposta values('narutouchiha', 'new games');
insert into resposta values('tensho', 'new games');
insert into resposta values('nexu', 'what are your favorite clamp mangas?');

insert into participacao values('nexu', 'clamp stans');
insert into participacao values('snow', 'otakus kpoppers');
insert into participacao values('junjitostan', 'clamp stans');
insert into participacao values('narutouchiha', 'g4m3r b01s');
insert into participacao values('akemilaura', 'bnha memes');

insert into marcacao values('meme');
insert into marcacao values('moe');
insert into marcacao values('primavera 2019');
insert into marcacao values('hiato');
insert into marcacao values('inverno 2019');
insert into marcacao values('elenco');
insert into marcacao values('previa');
insert into marcacao values('spoiler');
insert into marcacao values('verao 2019');
insert into marcacao values('novo anime');
insert into marcacao values('recomendacao');
insert into marcacao values('analise');

insert into postagem values('30 obscure anime adaptations of western literature', '10/05/2019', 'Artigo', 'arsonal');
insert into postagem values('shows to watch in spring 2019', '16/04/2019', 'Artigo', 'imperfectblue');
insert into postagem values('10 anime series to watch with your parents', '14/09/2017', 'Artigo', 'naruleach');
insert into postagem values('10 faithful representations of queer characters in yuri manga', '24/04/2019', 'Artigo', 'kineta');
insert into postagem values('the 10 best anime movies of 2010', '21/10/2016', 'Artigo', 'arsonal');

insert into postagem values('Main cast members announced for Nichijou english dub', '28/05/2019', 'Noticia', 'nexu');
insert into postagem values('Pv collection for may 27 - jun 2', '02/06/2019', 'Noticia', 'tenma');
insert into postagem values('More cast announced for bem tv anime', '31/05/2019', 'Noticia', 'tenma');
insert into postagem values('Tenki no Ko announces additional cast members', '28/05/2019', 'Noticia', 'brandon');
insert into postagem values('Hibike gets new anime project', '01/06/2019', 'Noticia', 'barnald');
insert into postagem values('One Piece finally has a date to end', '28/05/2020', 'Noticia', 'nexu');
insert into postagem values('Studio change for the next One Punch Man season', '21/03/2019', 'Noticia', 'tenma');
insert into postagem values('Boku no Hero receives a 2nd season', '29/12/2016', 'Noticia', 'nexu');
insert into postagem values('After more than 10 years, Naruto will be remastered for TV', '07/11/2019', 'Noticia', 'brandon');
insert into postagem values('Yoshihiro Togashi gave up Hunter x Hunter', '20/03/2020', 'Noticia', 'tenma');
insert into postagem values('Hiromu Arakawa announces new manga set in the same world as Fullmetal Alchemist', '03/06/2019', 'Noticia', 'nexu');
insert into postagem values('Jojo part 3 manga will be released in Brazil', '18/08/2018', 'Noticia', 'tenma');
insert into postagem values('Name of the new One Piece arc has been revealed', '12/03/2018', 'Noticia', 'brandon');
insert into postagem values('Masashi Kishimoto reveals his new manga: Samurai 8', '12/12/2018', 'Noticia', 'barnald');
insert into postagem values('Akira Senju will be in the production of Fullmetal Alchemist: Brotherhood Specials', '01/02/2010', 'Noticia', 'nexu');
insert into postagem values('Shinichiro Watanabe announces a pre-sequel for Cowboy Bebop','09/03/2020', 'Noticia', 'tenma');
insert into postagem values('Mamoru Hosoda is elected as the best episode director in the anime industry', '23/05/2019', 'Noticia', 'tenma');
insert into postagem values('Studio Ghibli announces Hayao Miyazaki as the director of a new movie', '15/07/2019', 'Noticia', 'brandon');
insert into postagem values('Hideaki Anno will be the director in Evangelion: 3.0+1.0', '27/09/2018', 'Noticia', 'nexu');
insert into postagem values('Unshou Ishizuka dies at age 67', '13/08/2018', 'Noticia', 'brandon');
insert into postagem values('Yuriko Yamaguchi reveals that she is pregnant', '22/05/2010', 'Noticia', 'tenma');
insert into postagem values('Takehito Koyasu is elected as the best voice actior in Japan', '08/05/2017', 'Noticia', 'brandon');
insert into postagem values('Kana Hanazawa is the first voice actress revealed for a new anime from Monogatari Series', '14/05/2021', 'Noticia', 'barnald');
insert into postagem values('Takehito Koyasu will be acting Dio Brando in Jojo part 6', '01/10/2020', 'Noticia', 'nexu');
insert into postagem values('Eiichiro Oda announces a new manga', '23/02/2025', 'Noticia', 'tenma');
insert into postagem values('Hirohiko Araki admits he does not know how to finish Jojo', '03/06/2019', 'Noticia', 'brandon');

insert into marcaPostagem values('30 obscure anime adaptations of western literature', 'analise');
insert into marcaPostagem values('10 anime series to watch with your parents', 'meme');
insert into marcaPostagem values('the 10 best anime movies of 2010', 'recomendacao');
insert into marcaPostagem values('10 faithful representations of queer characters in yuri manga','moe');
insert into marcaPostagem values('shows to watch in spring 2019', 'primavera 2019');

insert into marcaPostagem values('Main cast members announced for Nichijou english dub', 'elenco');
insert into marcaPostagem values('Pv collection for may 27 - jun 2', 'previa');
insert into marcaPostagem values('More cast announced for bem tv anime','elenco');
insert into marcaPostagem values('Tenki no Ko announces additional cast members', 'elenco');
insert into marcaPostagem values('Hibike gets new anime project', 'verao 2019');			

insert into anime values('Hunter x Hunter', 9.12, 148, 932738, 5, 148, 'Finalizado', '02/10/2011', 23, 'TV');
insert into anime values('Naruto', 7.91, 697, 1158853, 9, 220, 'Finalizado', '03/10/2002', 23, 'TV');
insert into anime values('Boku no Hero Academia', 8.41, 159, 1051031, 14, 13, 'Finalizado', '03/04/2016', 24, 'TV');
insert into anime values('Kaze no Tani no Nausicaa', 8.46, 130, 213217, 442, 1, 'Finalizado', '11/03/1984', 117, 'Filme');
insert into anime values('Fullmetal Alchemist: Brotherhood Specials', 8.10, 444, 100203, 1012, 4, 'Finalizado', '26/08/2009', 15, 'Especial');
insert into anime values('One Punch Man 2nd Season', 7.89, 732, 461606, 134, 12, 'Em Lancamento', '10/04/2019', 23, 'TV');
insert into anime values('One Piece', 8.53, 93, 856342, 36, 887, 'Em Lancamento', '20/10/1999', 24, 'TV');
insert into anime values('Nichijou', 8.51, 102, 451802, 136, 26, 'Finalizado', '03/04/2011', 23, 'TV');

insert into abertura values('Departure! by Ono Masatosh');
insert into abertura values('Seijaku no Apostle by JAM Project');
insert into abertura values('We Are by Hiroshi Kitadani');
insert into abertura values('Haruka Kanata by Asian Kung-fu Generation');
insert into abertura values('GO!!! by FLOW');
insert into abertura values('The Day by Porno Graffitti');

insert into encerramento values ('Just Awake by Fear and Loathing in Las Vegas');
insert into encerramento values('Wind by Akeboshi');
insert into encerramento values('ALIVE by Raiko');
insert into encerramento values('Kakatte Koi yo by NakamuraEmi');
insert into encerramento values('HEROES by Brian the Sun');
insert into encerramento values('Dear friends by TRIPLANE');
insert into encerramento values('memories by Maki Otsuki');

insert into licenciador values('Funimation');
insert into licenciador values('4Kids Entertainment');
insert into licenciador values('Walt Disney Studios');
insert into licenciador values('Viz Media');
insert into licenciador values('Aniplex of America');

insert into produtora values('Square Enix');
insert into produtora values('TV Tokyo');
insert into produtora values('Shueisha');
insert into produtora values('TOHO Animation');
insert into produtora values('Bandai Namco Arts');

insert into estudio values('Studio Pierrot');
insert into estudio values('Toei Animation');
insert into estudio values('Bones');
insert into estudio values('Studio Hibari');
insert into estudio values('J.C.Staff');
insert into estudio values('David Production');

insert into aberturaAnime values ('Hunter x Hunter', 'Departure! by Ono Masatosh');
insert into aberturaAnime values('Naruto', 'Haruka Kanata by Asian Kung-fu Generation');
insert into aberturaAnime values('One Piece', 'We Are by Hiroshi Kitadani');
insert into aberturaAnime values('Naruto', 'GO!!! by FLOW');
insert into aberturaAnime values('One Punch Man 2nd Season', 'Seijaku no Apostle by JAM Project');
insert into aberturaAnime values('Boku no Hero Academia', 'The Day by Porno Graffitti');

insert into encerramentoAnime values('Hunter x Hunter', 'Just Awake by Fear and Loathing in Las Vegas');
insert into encerramentoAnime values('Naruto', 'Wind by Akeboshi');
insert into encerramentoAnime values('One Piece', 'memories by Maki Otsuki');
insert into encerramentoAnime values('One Piece', 'Dear friends by TRIPLANE');
insert into encerramentoAnime values('Naruto', 'ALIVE by Raiko');
insert into encerramentoAnime values('Boku no Hero Academia', 'HEROES by Brian the Sun');

insert into produtoraAnime values('Hunter x Hunter', 'Shueisha');
insert into produtoraAnime values('Naruto', 'TV Tokyo');
insert into produtoraAnime values('Boku no Hero Academia', 'TOHO Animation');
insert into produtoraAnime values('Boku no Hero Academia', 'Shueisha');
insert into produtoraAnime values('Naruto', 'Shueisha');
insert into produtoraAnime values('One Piece', 'Shueisha');

insert into licenciadorAnime values('Hunter x Hunter','Viz Media')
insert into licenciadorAnime values('Kaze no Tani no Nausicaa', 'Walt Disney Studios');
insert into licenciadorAnime values('One Piece', '4Kids Entertainment');
insert into licenciadorAnime values('Boku no Hero Academia', 'Funimation');
insert into licenciadorAnime values('One Piece', 'Funimation');
insert into licenciadorAnime values('Naruto', 'Viz Media');

insert into estudioAnime values('Hunter x Hunter', 'Madhouse');
insert into estudioAnime values('Naruto', 'Studio Pierrot');
insert into estudioAnime values('One Piece', 'Toei Animation');
insert into estudioAnime values('Boku no Hero Academia', 'Bones');
insert into estudioAnime values('Kaze no Tani no Nausicaa', 'Studio Hibari');
insert into estudioAnime values('One Punch Man 2nd Season', 'J.C.Staff');

insert into contencaoListaAnimes values('One Piece', 1, 2, 'Desistido', 1, NULL, NULL);
insert into contencaoListaAnimes values('One Piece', 2, 10, 'Assistindo', 840, '12/12/2017', NULL);
insert into contencaoListaAnimes values('Kaze no Tani no Nausicaa', 2, 7, 'Completo', 1, '03/10/2018', '03/10/2018');
insert into contencaoListaAnimes values('Naruto', 5, 8, 'Completo', 220, NULL, '21/08/2010');
insert into contencaoListaAnimes values('Fullmetal Alchemist: Brotherhood Specials', 3, 0, 'Planejado Para Assistir', 0, NULL, NULL);

insert into manga values('JoJo no Kimyou na Bouken Part 3: Stardust Crusaders', 8.22, 488, 41380, 152, 152, 16, 'Finalizado', '20/03/1989', 'Manga', 'Shounen Jump (Weekly)');
insert into manga values('JoJo no Kimyou na Bouken Part 2: Sentou Chuuryuu', 8.32, 329, 42173, 147, 69, 7, 'Finalizado', '20/10/1987', 'Manga', 'Shounen Jump (Weekly)');
insert into manga values('Kaze no Tani no Nausicaa', 8.90, 14, 30136, 235, 59, 7, 'Finalizado', '09/10/1982', 'Manga', 'Animage');
insert into manga values('One Piece', 9.07, 4, 247917, 3, 944, 92, 'Em Lancamento', '22/07/1997', 'Manga', 'Shounen Jump (Weekly)');
insert into manga values('Fullmetal Alchemist', 9.13, 3, 171227, 11, 116, 27, 'Finalizado', '12/07/2001', 'Manga', 'Shounen Gangan');
insert into manga values('Samurai 8', 7.46, 4142, 4458, 2256, 4, 0, 'Em Lancamento', '13/05/2019', 'Manga', 'Shounen Jump (Weekly)');
insert into manga values('Hunter x Hunter', 8.69, 58, 119233, 20, 391, 38, 'Em Lancamento', '03/03/1998', 'Manga', 'Shounen Jump (Weekly)');

insert into contencaoListaMangas values('JoJo no Kimyou na Bouken Part 2: Sentou Chuuryuu', 8, 8, 'Completo', 69, '20/04/2001','11/09/2001');
insert into contencaoListaMangas values('Fullmetal Alchemist', 1, 10, 'Completo', 116, '01/05/2010','02/06/2010');
insert into contencaoListaMangas values('One Piece', 2, 7, 'Em Espera', 500, '28/11/2016', NULL);
insert into contencaoListaMangas values('JoJo no Kimyou na Bouken Part 3: Stardust Crusaders', 2, 1, 'Assistindo', 100, '20/04/2019', NULL);
insert into contencaoListaMangas values('Kaze no Tani no Nausicaa', 3, 3, 'Planejado Para Ler', 0, NULL, NULL);

insert into personagem values('Killua Zoldyck');
insert into personagem values('Naruto Uzumaki');
insert into personagem values('Sakura Haruno');
insert into personagem values('All Might');
insert into personagem values('Alphonse Elric');
insert into personagem values('Dio Brando');
insert into personagem values('Joseph Joestar');
insert into personagem values('Nausicaa');
insert into personagem values('Saitama');
insert into personagem values('Nico Robin');
insert into personagem values('Scar');

insert into participaPersonagemAnime values('Nico Robin', 'One Piece');
insert into participaPersonagemAnime values('All Might', 'Boku no Hero Academia');
insert into participaPersonagemAnime values('Sakura Haruno', 'Naruto');
insert into participaPersonagemAnime values('Alphonse Elric', 'Fullmetal Alchemist: Brotherhood Specials');
insert into participaPersonagemAnime values('Nausicaa', 'Kaze no Tani no Nausicaa');
insert into participaPersonagemAnime values('Killua Zoldyck', 'Hunter x Hunter');

insert into participaPersonagemManga values('Dio Brando', 'JoJo no Kimyou na Bouken Part 3: Stardust Crusaders');
insert into participaPersonagemManga values('Joseph Joestar', 'JoJo no Kimyou na Bouken Part 3: Stardust Crusaders');
insert into participaPersonagemManga values('Joseph Joestar', 'JoJo no Kimyou na Bouken Part 2: Sentou Chuuryuu');
insert into participaPersonagemManga values('Alphonse Elric', 'Fullmetal Alchemist');
insert into participaPersonagemManga values('Nausicaa', 'Kaze no Tani no Nausicaa');

insert into genero values('Drama');
insert into genero values('Comedia');
insert into genero values('Acao');
insert into genero values('Shounen');
insert into genero values('Fantasia');
insert into genero values('Aventura');
insert into genero values('Supernatural');

insert into caracterizacaoAnime values('Comedia', 'One Piece');
insert into caracterizacaoAnime values('Shounen', 'Naruto');
insert into caracterizacaoAnime values('Fantasia', 'Kaze no Tani no Nausicaa');
insert into caracterizacaoAnime values('Comedia', 'Fullmetal Alchemist: Brotherhood Specials');
insert into caracterizacaoAnime values('Drama', 'One Piece');

insert into caracterizacaoManga values('Aventura', 'Fullmetal Alchemist');
insert into caracterizacaoManga values('Supernatural', 'JoJo no Kimyou na Bouken Part 3: Stardust Crusaders');
insert into caracterizacaoManga values('Acao', 'Kaze no Tani no Nausicaa');
insert into caracterizacaoManga values('Shounen', 'One Piece');
insert into caracterizacaoManga values('Fantasia', 'One Piece');

insert into criticaAnime values('Naruto', 'narutouchiha', 10, '21/07/2014');
insert into criticaAnime values('One Piece', 'arsonal', 7, '01/03/2012');
insert into criticaAnime values('Boku no Hero Academia', 'akemilaura', 9, '18/10/2017');
insert into criticaAnime values('One Punch Man 2nd Season', 'junjitostan', 3, '30/05/2019');
insert into criticaAnime values('One Punch Man 2nd Season', 'tensho', 5, '25/05/2019');

insert into criticaManga values('JoJo no Kimyou na Bouken Part 2: Sentou Chuuryuu', 'imperfectblue', 4, '12/12/2012');
insert into criticaManga values('Fullmetal Alchemist', 'fmarocks', 10, '10/08/2012');
insert into criticaManga values('One Piece', 'kineta', 5, '02/01/2011');
insert into criticaManga values('JoJo no Kimyou na Bouken Part 3: Stardust Crusaders', 'nexu', 8, '03/06/2019');
insert into criticaManga values('Kaze no Tani no Nausicaa', 'kineta', 9, '25/08/2013');

insert into staff values('Maruyama Masao', '11/10/1993');
insert into staff values ('Yamada Chiaki', '30/08/1992');
insert into staff values ('Koujina Hiroshi', '09/01/1981');
insert into staff values('Kanno, Toshiyuki', '24/12/1985');
insert into staff values('Yonemura Shouji', '12/05/1976');
insert into staff values('Shinichiro Watanabe', '24/05/1965');
insert into staff values('Mamoru Hosoda', '19/09/1967');
insert into staff values('Akira Senju', '21/10/1960');
insert into staff values('Hayato Date', '22/05/1962');
insert into staff values('Hayao Miyazaki', '05/01/1941');
insert into staff values('Hideaki Anno', '22/05/1960');

insert into dublador values('Ise Mariya', '25/09/1988');
insert into dublador values('Kenta Miyake', '23/08/1977');
insert into dublador values('Unshou Ishizuka', '16/05/1951');
insert into dublador values('Tomozaku Sugita', '11/10/1980');
insert into dublador values('Yuriko Yamaguchi', '21/11/1965');
insert into dublador values('Takehito Koyasu', '05/05/1967');
insert into dublador values('Kana Hanazawa', '25/02/1989');

insert into mangaka values('Hayao Miyazaki', '05/01/1941');
insert into mangaka values('Eiichiro Oda', '01/01/1975');
insert into mangaka values('Hiromu Arakawa', '08/05/1973');
insert into mangaka values('Hirohiko Araki', '07/06/1960');
insert into mangaka values('Masashi Kishimoto', '08/11/1974');
insert into mangaka values('Yoshihiro Togashi', '27/04/1966');

insert into dublagem values('Ise Mariya', 'Killua Zoldyck');
insert into dublagem values('Unshou Ishizuka', 'Joseph Joestar');
insert into dublagem values('Kenta Miyake', 'All Might');
insert into dublagem values('Tomozaku Sugita', 'Joseph Joestar');
insert into dublagem values('Yuriko Yamaguchi', 'Nico Robin');
insert into dublagem values('Kenta Miyake', 'Scar');

insert into funcao values('Historia');
insert into funcao values('Arte');
insert into funcao values('Script');
insert into funcao values('Direcao');
insert into funcao values('Musica');
insert into funcao values('Design de Personagem');
insert into funcao values('Direcao de Som');

insert into producao values('Maruyama Masao', 'Hunter x Hunter', 'Producao');
insert into producao values ('Yamada Chiaki', 'Hunter x Hunter', 'Direcao de Som');
insert into producao values ('Koujina Hiroshi', 'Hunter x Hunter', 'Direcao');
insert into producao values('Kanno, Toshiyuki', 'Hunter x Hunter', 'Design de Personagem');
insert into producao values('Yonemura Shouji', 'Hunter x Hunter', 'Script');
insert into producao values('Mamoru Hosoda', 'One Piece', 'Direcao');
insert into producao values('Hayao Miyazaki', 'Kaze no Tani no Nausicaa', 'Design de Personagem');
insert into producao values('Hayao Miyazaki', 'Kaze no Tani no Nausicaa', 'Script');
insert into producao values('Hayato Date', 'Naruto', 'Direcao');
insert into producao values('Akira Senju', 'Fullmetal Alchemist: Brotherhood Specials', 'Musica');

insert into criacao values('Hiromu Arakawa', 'Fullmetal Alchemist', 'Historia');
insert into criacao values('Hiromu Arakawa', 'Fullmetal Alchemist', 'Arte');
insert into criacao values('Eiichiro Oda', 'One Piece', 'Historia');
insert into criacao values('Hirohiko Araki', 'JoJo no Kimyou na Bouken Part 2: Sentou Chuuryuu', 'Arte');
insert into criacao values('Hirohiko Araki', 'JoJo no Kimyou na Bouken Part 3: Stardust Crusaders', 'Historia');

insert into assuntoAnime values('One Piece finally has a date to end', 'One Piece');
insert into assuntoAnime values('Studio change for the next One Punch Man season', 'One Punch Man 2nd Season');
insert into assuntoAnime values('Main cast members announced for Nichijou english dub', 'Nichijou');
insert into assuntoAnime values('Boku no Hero receives a 2nd season', 'Boku no Hero Academia');
insert into assuntoAnime values('After more than 10 years, Naruto will be remastered for TV', 'Naruto');

insert into assuntoManga values('Yoshihiro Togashi gave up Hunter x Hunter', 'Hunter x Hunter');
insert into assuntoManga values('Hiromu Arakawa announces new manga set in the same world as Fullmetal Alchemist', 'Fullmetal Alchemist');
insert into assuntoManga values('Jojo part 3 manga will be released in Brazil', 'JoJo no Kimyou na Bouken Part 3: Stardust Crusaders');
insert into assuntoManga values('Name of the new One Piece arc has been revealed', 'One Piece');
insert into assuntoManga values('Masashi Kishimoto reveals his new manga: Samurai 8', 'Samurai 8');

insert into assuntoStaff values('Akira Senju will be in the production of Fullmetal Alchemist: Brotherhood Specials', 'Akira Senju');
insert into assuntoStaff values('Shinichiro Watanabe announces a pre-sequel for Cowboy Bebop', 'Shinichiro Watanabe');
insert into assuntoStaff values('Mamoru Hosoda is elected as the best episode director in the anime industry', 'Mamoru Hosoda');
insert into assuntoStaff values('Studio Ghibli announces Hayao Miyazaki as the director of a new movie', 'Hayao Miyazaki');
insert into assuntoStaff values('Hideaki Anno will be the director in Evangelion: 3.0+1.0', 'Hideaki Anno');

insert into assuntoDublador values('Unshou Ishizuka dies at age 67', 'Unshou Ishizuka');
insert into assuntoDublador values('Yuriko Yamaguchi reveals that she is pregnant', 'Yuriko Yamaguchi');
insert into assuntoDublador values('Takehito Koyasu is elected as the best voice actior in Japan', 'Takehito Koyasu');
insert into assuntoDublador values('Kana Hanazawa is the first voice actress revealed for a new anime from Monogatari Series', 'Kana Hanazawa');
insert into assuntoDublador values('Takehito Koyasu will be acting Dio Brando in Jojo part 6', 'Takehito Koyasu');

insert into assuntoMangaka values('Eiichiro Oda announces a new manga', 'Eiichiro Oda');
insert into assuntoMangaka values('Yoshihiro Togashi gave up Hunter x Hunter', 'Yoshihiro Togashi');
insert into assuntoMangaka values('Hirohiko Araki admits he does not know how to finish Jojo', 'Hirohiko Araki');
insert into assuntoMangaka values('Hiromu Arakawa announces new manga set in the same world as Fullmetal Alchemist', 'Hiromu Arakawa');
insert into assuntoMangaka values('Studio Ghibli announces Hayao Miyazaki as the director of a new movie', 'Hayao Miyazaki');